url;alias;
antibar.cz;Alias (50);
parkhotelsumava.cz;Alias (50);
paskklatovy.cz;Alias (50);
jsfstavebni.cz;Alias (50);
muzeum-sumavy.cz;Alias (50);
foxklatovy.cz;Alias (50);
fox-klatovy.cz;Alias (50);
msbroker.cz;Alias (50);
ms-brokers.cz;Alias (50);
msbrokers.cz;Alias (50);
horland.cz;Alias (50);
fox-klatovy.eu;Alias (50);
fotorisk.cz;E-mail Pro (81);
kskklatovy.cz;E-mail Pro (81);
engadin.cz;E-mail Pro (81);
vodhradek.cz;E-mail Pro (81);
tosch-parkhotel.cz;E-mail Pro (81);
isfin.cz;E-mail Pro (81);
zstolsteho.cz;E-mail Pro (81);
sdruzenioptiku.cz;E-mail Pro (81);
zelruda.cz;E-mail Pro (81);
pensionklostermann.cz;E-mail Pro (81);
zamecnictvidvoracek.cz;E-mail Pro (81);
vysivkymakovec.cz;E-mail Pro (81);
abpcompany.cz;E-mail Pro (81);
rekaping.cz;E-mail Pro (81);
ms-broker.cz;E-mail Pro (81);
lonami.cz;E-mail Pro (81);
foxinterier.eu;E-mail Pro (81);
karl.cz;Registrace (44);
authorkralsumavy.cz;Registrace (44);
danielhladky.cz;inPage Mini (243);
dopravniznacky.info;inPage Premium (242);
eshop.sumavanet.cz;inPage Premium Lite (245);
advokatsojka.cz;Alias (50);
andale.cz;Cloud Mail (640);
inox-kt.cz;Cloud Mail (640);
vmvenergo.eu;Cloud Mail (640);
sumava.online;Cloud Mail (640);
kinoklatovy.cz;E-mail Pro (81);
obectynec.cz;E-mail Pro (81);
šumavanet.com;Parkování (40);
klatovskelisty.cz;Parkování (40);
prospekt.cz;Parkování (40);
zapadnicechy.cz;Parkování (40);
ubytovani-na-horach.cz;Parkování (40);
ubytovani-na-sumave.cz;Parkování (40);
khory.cz;Parkování (40);
discobazar.cz;Parkování (40);
lipno111.cz;Parkování (40);
penzionpodsmrkem.cz;Parkování (40);
strakonicko.cz;Parkování (40);
sumavashop.cz;Parkování (40);
ubytovani-penziony.cz;Parkování (40);
ubytovani-hotely.cz;Parkování (40);
klatovskeicko.cz;Parkování (40);
klatovske-icko.cz;Parkování (40);
apartmanysrni.cz;Parkování (40);
portal-sumava.cz;Parkování (40);
dovolenasumava.cz;Parkování (40);
slevysumava.cz;Parkování (40);
slevy-sumava.cz;Parkování (40);
sumavaslevy.cz;Parkování (40);
sumava-slevy.cz;Parkování (40);
dovolena-lipno.cz;Parkování (40);
vysivky-makovec.cz;Parkování (40);
ikvilda.cz;Parkování (40);
pavelhladky.cz;Parkování (40);
pavel-hladky.cz;Parkování (40);
obechornivltavice.cz;Parkování (40);
kulturaklatovy.cz;Parkování (40);
kultura-klatovy.cz;Parkování (40);
penzionmodrava.cz;Parkování (40);
penzion-modrava.cz;Parkování (40);
venkovni-trampoliny.cz;Parkování (40);
optikaroku.cz;Parkování (40);
az-fitnes.cz;Parkování (40);
az-trampoliny.cz;Parkování (40);
fapa-truhlarstvi.cz;Parkování (40);
fapatruhlarstvi.cz;Parkování (40);
susiceinfo.cz;Parkování (40);
susice-info.cz;Parkování (40);
chatamodrava.cz;Parkování (40);
nyrska-teplarna.cz;Parkování (40);
akceklatovy.cz;Parkování (40);
akce-klatovy.cz;Parkování (40);
kalendarklatovy.cz;Parkování (40);
kalendar-klatovy.cz;Parkování (40);
sumavabezhranic.cz;Parkování (40);
sumava-bez-hranic.cz;Parkování (40);
sumava-shop.cz;Parkování (40);
okula-eyewear.cz;Parkování (40);
okulaeyewear.cz;Parkování (40);
optiplast-eyewear.cz;Parkování (40);
lstavby.cz;Parkování (40);
zs-planice.cz;Parkování (40);
pohadkovykramek.cz;Parkování (40);
sumavskynet.cz;Parkování (40);
harmonicky-domov.cz;Parkování (40);
harmonickydomov.cz;Parkování (40);
lipnopro.cz;Parkování (40);
susicebranasumavy.cz;Parkování (40);
vysivky-plzen.cz;Parkování (40);
vysivkyplzen.cz;Parkování (40);
alfanyrsko.cz;Parkování (40);
jbnyrsko.cz;Parkování (40);
penzionklose.cz;Parkování (40);
penzion-klose.cz;Parkování (40);
vmvenergo.cz;Parkování (40);
skoleniridicuklatovy.cz;Parkování (40);
chalupa-pancir.cz;Parkování (40);
chalupapancir.cz;Parkování (40);
böhmerwaldperln.de;Parkování (40);
boehmerwaldperln.de;Parkování (40);
tosch-parkhotel.de;Parkování (40);
sumavanet.de;Parkování (40);
bohmerwaldnet.de;Parkování (40);
boehmerwald.eu;Parkování (40);
šumavanet.eu;Parkování (40);
šumava-ubytování.eu;Parkování (40);
železnáruda.eu;Parkování (40);
zaskolovec.eu;Parkování (40);
ubytovani-lipno.eu;Parkování (40);
ubytovanilipno.eu;Parkování (40);
agropodnik.eu;Parkování (40);
iklatovy.eu;Parkování (40);
ikvilda.eu;Parkování (40);
zadov.eu;Parkování (40);
stozec.eu;Parkování (40);
srni.eu;Parkování (40);
nyrsko.eu;Parkování (40);
kasperske-hory.eu;Parkování (40);
boubin.eu;Parkování (40);
gymkt.eu;Parkování (40);
sumava-bavorskyles.eu;Parkování (40);
okulaeyewear.eu;Parkování (40);
optiplast-eyewear.eu;Parkování (40);
kasperskehory.eu;Parkování (40);
susice.info;Parkování (40);
horskakvilda.info;Parkování (40);
horska-kvilda.info;Parkování (40);
prasily.info;Parkování (40);
kvilda.info;Parkování (40);
zsamsdesenice.info;Parkování (40);
domazlicko.net;Parkování (40);
šumava.net;Parkování (40);
sumavanet.net;Parkování (40);
sumavsky.net;Parkování (40);
kvhgabreta.net;Parkování (40);
posumavi.net;Parkování (40);
kasperskehory.net;Parkování (40);
zeleznorudsko.net;Parkování (40);
prasily.net;Parkování (40);
kvilda.online;Parkování (40);
klatovy.online;Parkování (40);
lipno.online;Parkování (40);
susice.online;Parkování (40);
horazdovice.online;Parkování (40);
sumava.sk;Parkování (40);
okula.sk;Parkování (40);
klatovy.tv;Parkování (40);
az-fitness.cz;Alias (50);
ebabyland.cz;Alias (50);
e-babyland.cz;Alias (50);
1499.mail.zonercloud.net;Cloud Newsletter Basic (505);
knihzr.sumavanet.cz;Alias (50);
mlazovsko.sumava.net;Alias (50);
sekera.sumava.net;Alias (50);
traktoriada.sumava.net;Alias (50);
chatasumava.sumavanet.cz;Alias (50);
ddmnyrsko.sumavanet.cz;Alias (50);
horizont.sumavanet.cz;Alias (50);
hotelenzian.sumavanet.cz;Alias (50);
kobylnice.sumavanet.cz;Alias (50);
kvilda.sumavanet.cz;Alias (50);
lipno.sumavanet.cz;Alias (50);
mapy.sumavanet.cz;Alias (50);
mestysacachrov.sumavanet.cz;Alias (50);
mikroregion.sumavanet.cz;Alias (50);
mokrosuky.sumavanet.cz;Alias (50);
penzionkobylnice.sumavanet.cz;Alias (50);
shs.sumavanet.cz;Alias (50);
skipenzion.sumavanet.cz;Alias (50);
skipenzionkvilda.sumavanet.cz;Alias (50);
svazobci.sumavanet.cz;Alias (50);
vyborobci.sumavanet.cz;Alias (50);
zava.sumavanet.cz;Alias (50);
zlatyjelen.sumavanet.cz;Alias (50);
chatasumava.sumava.net;Alias (50);
ddmnyrsko.sumava.net;Alias (50);
hojsovka.sumava.net;Alias (50);
kobylnice.sumava.net;Alias (50);
kvilda.sumava.net;Alias (50);
lipno.sumava.net;Alias (50);
mestyscachrov.sumava.net;Alias (50);
mikroregion.sumava.net;Alias (50);
mokrosuky.sumava.net;Alias (50);
penzionkobylnice.sumava.net;Alias (50);
shs.sumava.net;Alias (50);
skipenzion.sumava.net;Alias (50);
skipenzionkvilda.sumava.net;Alias (50);
svazobci.sumava.net;Alias (50);
tesneni-zaluzie.sumava.net;Alias (50);
vodsvatobor.sumava.net;Alias (50);
vyborobci.sumava.net;Alias (50);
zava.sumava.net;Alias (50);
zlatyjelen.sumava.net;Alias (50);
baby.klatovynet.cz;Alias (50);
bazen.klatovynet.cz;Alias (50);
divadlo.klatovynet.cz;Alias (50);
kemp.klatovynet.cz;Alias (50);
kpk.klatovynet.cz;Alias (50);
kpm.klatovynet.cz;Alias (50);
muss.klatovynet.cz;Alias (50);
muzeum.klatovynet.cz;Alias (50);
ts.klatovynet.cz;Alias (50);
ubytovna.klatovynet.cz;Alias (50);
uhejtmana.klatovynet.cz;Alias (50);
zimak.klatovynet.cz;Alias (50);
hifiklub.klatovynet.cz;Alias (50);
ncd.sumavanet.cz;Alias (50);
testtest.sumavanet.cz;Alias (50);
pension-nela.klatovynet.cz;Alias (50);
khory.sumavanet.cz;Alias (50);
khory.sumava.net;Alias (50);
datakt.gymkt.eu;Alias (50);
p.gymkt.cz;Alias (50);
filesize.gymkt.cz;Alias (50);
modrava.com;Alias (50);
jaroslavkomora.cz;Alias (50);
susicenet.cz;Alias (50);
hornivltava.cz;Alias (50);
kubova-hut.cz;Alias (50);
otavskaplavba.cz;Alias (50);
modrava.cz;Alias (50);
spskt.cz;Alias (50);
modrava-penzion.cz;Alias (50);
bezdekov.cz;Alias (50);
obec-dolany.cz;Alias (50);
srni.cz;Alias (50);
borova-lada.cz;Alias (50);
hojsovka.cz;Alias (50);
klatovskydvur.cz;Alias (50);
pensionnovysvet.cz;Alias (50);
penzionnovysvet.cz;Alias (50);
hotel-prachen.cz;Alias (50);
strednipootavi.cz;Alias (50);
mokrosuky.cz;Alias (50);
prohlidky-klatov.cz;Alias (50);
klatovy-info.cz;Alias (50);
knihovnaruda.cz;Alias (50);
penzionmontana.cz;Alias (50);
vanocnistromky-sumava.cz;Alias (50);
hotel-rozvoj.cz;Alias (50);
countryklatovy.cz;Alias (50);
ubytovna-klatovy.cz;Alias (50);
ubytovnaklatovy.cz;Alias (50);
tatran-alpalouka.cz;Alias (50);
uslechtu.cz;Alias (50);
tjstartbela.cz;Alias (50);
hotelrozvoj.cz;Alias (50);
sdruzeniproklatovy.cz;Alias (50);
fotonyrsko.cz;Alias (50);
chram-ticha.cz;Alias (50);
jannepomucky.cz;Alias (50);
vaclav-fiala.cz;Alias (50);
penzion-kasperk.cz;Alias (50);
sdruzeni-optiku.cz;Alias (50);
ubytovanikasperky.cz;Alias (50);
skivltavice.cz;Alias (50);
skipancir.cz;Alias (50);
ski-pancir.cz;Alias (50);
ski-vltavice.cz;Alias (50);
lanovka-pancir.cz;Alias (50);
sumavske-lazne.cz;Alias (50);
sumavskelazne.cz;Alias (50);
sumavalazne.cz;Alias (50);
sumava-lazne.cz;Alias (50);
laznesumava.cz;Alias (50);
lazne-sumava.cz;Alias (50);
muzeumnyrsko.cz;Alias (50);
klatovskonakole.cz;Alias (50);
nakobylce.cz;Alias (50);
jiristrasek.cz;Alias (50);
phladky.cz;Alias (50);
modrypenzion.cz;Alias (50);
modry-penzion.cz;Alias (50);
unicos-kt.cz;Alias (50);
fotobartik.cz;Alias (50);
restauraceklatovy.cz;Alias (50);
restaurace-klatovy.cz;Alias (50);
country-klatovy.cz;Alias (50);
pivovarmodrava.cz;Alias (50);
pivovar-modrava.cz;Alias (50);
skolaruda.cz;Alias (50);
hotelsirotek.cz;Alias (50);
hotel-sirotek.cz;Alias (50);
chalupamodrava.cz;Alias (50);
chalupa-modrava.cz;Alias (50);
mikroregionsumava.cz;Alias (50);
pivovarlyer.cz;Alias (50);
zamekchudenice.cz;Alias (50);
koupaliste-kolinec.cz;Alias (50);
penzion-arberwald.cz;Alias (50);
sluzbymodrava.cz;Alias (50);
sluzby-modrava.cz;Alias (50);
kostelchudenice.cz;Alias (50);
rehapraktik.cz;Alias (50);
reha-praktik.cz;Alias (50);
icnyrsko.cz;Alias (50);
zelezna-ruda.cz;Alias (50);
posumavska-odpadova.cz;Alias (50);
knihovnavacov.cz;Alias (50);
knihovna-vacov.cz;Alias (50);
sportovistenyrsko.cz;Alias (50);
zahradnictviklatovy.cz;Alias (50);
zahradnictvi-klatovy.cz;Alias (50);
dso-ostruzna.cz;Alias (50);
usazamu.cz;Alias (50);
ujiriku.cz;Alias (50);
kvildaapartman.cz;Alias (50);
apartmanoblik.cz;Alias (50);
maszskt.cz;Alias (50);
muhorazdovice.cz;Alias (50);
lazadov.cz;Alias (50);
kinetic-kt.cz;Alias (50);
masowest.cz;Alias (50);
posumavskaodpadova.cz;Alias (50);
musskt.cz;Alias (50);
klatep.cz;Alias (50);
knihovna-janovice.cz;Alias (50);
posumavi.cz;Alias (50);
vacov.cz;Alias (50);
toposumavi.cz;Alias (50);
mesto-susice.cz;Alias (50);
mususice.cz;Alias (50);
supermycka.cz;Alias (50);
super-mycka.cz;Alias (50);
apartmanyverunka.cz;Alias (50);
apartmany-verunka.cz;Alias (50);
dlazov.cz;Alias (50);
venkov21stoleti.cz;Alias (50);
sumava-bavorskyles.cz;Alias (50);
openklatovy.cz;Alias (50);
kochanovskymed.cz;Alias (50);
apartmanyusmrku.cz;Alias (50);
floriansumava.cz;Alias (50);
zsklatovyplanicka.cz;Alias (50);
pension-grantl.cz;Alias (50);
pensiongrantl.cz;Alias (50);
rybarilenora.cz;Alias (50);
zsplanice.cz;Alias (50);
churanovhotel.cz;Alias (50);
zssvihov.cz;Alias (50);
optiplast.cz;Alias (50);
chatamilire.cz;Alias (50);
rsjavorna.cz;Alias (50);
knihovna-pacejov.cz;Alias (50);
uhrachu.cz;Alias (50);
drevarstvisumava.cz;Alias (50);
drevarstvi-sumava.cz;Alias (50);
sumavskykulturnispolek.cz;Alias (50);
odpadyklatovy.cz;Alias (50);
odpady-klatovy.cz;Alias (50);
faustin.cz;Alias (50);
msjanovice.cz;Alias (50);
muzeumkvilda.cz;Alias (50);
tjspicak.cz;Alias (50);
mijakvetiny.cz;Alias (50);
mija-kvetiny.cz;Alias (50);
chaluparetenka.cz;Alias (50);
chalupa-retenka.cz;Alias (50);
delnicihoustin.cz;Alias (50);
vrhavec.cz;Alias (50);
apartmany-sirotek.cz;Alias (50);
apartmanysirotek.cz;Alias (50);
skoladesenice.cz;Alias (50);
hartmanicko.cz;Alias (50);
vetrovna.cz;Alias (50);
penzionkobylnice-lipno.cz;Alias (50);
hotelysrni.cz;Alias (50);
skolavrhavec.cz;Alias (50);
chatacenkovka.cz;Alias (50);
chata-cenkovka.cz;Alias (50);
apartmany-faustin.cz;Alias (50);
mspacejov.cz;Alias (50);
apelthi.cz;Alias (50);
kvilda197.cz;Alias (50);
vacovsko.cz;Alias (50);
zwux.cz;Alias (50);
pacejovsko.cz;Alias (50);
umotomakovic.cz;Alias (50);
josefinum-klatovy.cz;Alias (50);
josefinumklatovy.cz;Alias (50);
svihov.cz;Alias (50);
zspacejov.cz;Alias (50);
apartmanyhasicarna.cz;Alias (50);
filipkaulesa.cz;Alias (50);
rkfprestice.cz;Alias (50);
obeckvilda.cz;Alias (50);
zsbezdekov.cz;Alias (50);
novehute.cz;Alias (50);
destinacesumavazije.cz;Alias (50);
mesto-horazdovice.cz;Alias (50);
moravske-vinice.cz;Alias (50);
skolachanovice.cz;Alias (50);
bayern-böhmen.de;Alias (50);
glockenfürdenböhmerwald.de;Alias (50);
holzwirtschaft-im-boehmerwald.de;Alias (50);
chodenexpress.eu;Alias (50);
stadtfuehrung-klatovy.eu;Alias (50);
kvilda.eu;Alias (50);
chudenice.eu;Alias (50);
prachensko.eu;Alias (50);
vysivky-plzen.eu;Alias (50);
vysivkyplzen.eu;Alias (50);
cimice.eu;Alias (50);
apartmany-spicak.eu;Alias (50);
apartmanyspicak.eu;Alias (50);
okula-eyewear.eu;Alias (50);
arberwald.eu;Alias (50);
hartmanicko.eu;Alias (50);
nalzovskehory.eu;Alias (50);
apartmanyulipy.eu;Alias (50);
woodpecker.house;Alias (50);
kasperskehory.info;Alias (50);
kasperske-hory.info;Alias (50);
horazdovice.info;Alias (50);
gabreta.info;Alias (50);
zeleznorudsko.info;Alias (50);
apartmanysumava.info;Alias (50);
zssvihov.info;Alias (50);
lipno.li;Alias (50);
strakonicko.net;Alias (50);
gabreta.net;Alias (50);
stachy.net;Alias (50);
cachrov.net;Alias (50);
stozec.net;Alias (50);
prachensko.org;Alias (50);
lipno.pro;Alias (50);
e-babyland.com;Cloud Mail (640);
hornivltavice.cz;Cloud Mail (640);
zeleznaruda.cz;Cloud Mail (640);
rejstejn.cz;Cloud Mail (640);
olioptik.cz;Cloud Mail (640);
penzionkasperk.cz;Cloud Mail (640);
velhartice.cz;Cloud Mail (640);
tsnyrsko.cz;Cloud Mail (640);
muzeumklatovy.cz;Cloud Mail (640);
klostermann.cz;Cloud Mail (640);
hanatrans.cz;Cloud Mail (640);
chlistov.cz;Cloud Mail (640);
hlavnovice.cz;Cloud Mail (640);
muhartmanice.cz;Cloud Mail (640);
tuzice.cz;Cloud Mail (640);
athel.cz;Cloud Mail (640);
horlad.cz;Cloud Mail (640);
elsyndvur.cz;Cloud Mail (640);
soudnitlumocnik-de.cz;Cloud Mail (640);
obecmysliv.cz;Cloud Mail (640);
oudlouhaves.cz;Cloud Mail (640);
sumavazije.cz;Cloud Mail (640);
chanovice.cz;Cloud Mail (640);
3kbh.cz;Cloud Mail (640);
dsohorazdovicko.cz;Cloud Mail (640);
chalupapodpancirem.cz;Cloud Mail (640);
moravskevinice.cz;Cloud Mail (640);
mezihori.eu;Cloud Mail (640);
interpreton.cz;E-mail (80);
klatovy.cz;E-mail Pro (81);
vmi-rozhled.cz;E-mail Pro (81);
boubin.cz;E-mail Pro (81);
sumavanet.cz;E-mail Pro (81);
lenora.cz;E-mail Pro (81);
podmokly.cz;E-mail Pro (81);
petroviceususice.cz;E-mail Pro (81);
kubovahut.cz;E-mail Pro (81);
filmpro.cz;E-mail Pro (81);
agrimadrazenov.cz;E-mail Pro (81);
zaskolovec.cz;E-mail Pro (81);
kocum.cz;E-mail Pro (81);
knihovnanyrsko.cz;E-mail Pro (81);
kolinec.cz;E-mail Pro (81);
desenice.cz;E-mail Pro (81);
hotelprachen.cz;E-mail Pro (81);
cihan.cz;E-mail Pro (81);
hotely-srni.cz;E-mail Pro (81);
hotelcertuvmlyn.cz;E-mail Pro (81);
zsjanovice.cz;E-mail Pro (81);
nypack.cz;E-mail Pro (81);
hotelbelveder.cz;E-mail Pro (81);
prodejskla.cz;E-mail Pro (81);
mestonyrsko.cz;E-mail Pro (81);
hotelgradl.cz;E-mail Pro (81);
parkhotel-sumava.cz;E-mail Pro (81);
autospolplus.cz;E-mail Pro (81);
pask-klatovy.cz;E-mail Pro (81);
penzion-arnika.cz;E-mail Pro (81);
pacejov.cz;E-mail Pro (81);
nalzovskehory.cz;E-mail Pro (81);
chata-modrava.cz;E-mail Pro (81);
nyrskateplarna.cz;E-mail Pro (81);
sportoviste-nyrsko.cz;E-mail Pro (81);
janovice.cz;E-mail Pro (81);
divadloklatovy.cz;E-mail Pro (81);
muzeumsumavy.cz;E-mail Pro (81);
ambulance-klatovy.cz;E-mail Pro (81);
penzionfiala.cz;E-mail Pro (81);
beharov.cz;E-mail Pro (81);
alpskavyhlidka.cz;E-mail Pro (81);
mestosusice.cz;E-mail Pro (81);
udolipodostrym.cz;E-mail Pro (81);
chatasumava.cz;E-mail Pro (81);
advokat-sojka.cz;E-mail Pro (81);
obecsveradice.cz;E-mail Pro (81);
equilibris.cz;E-mail Pro (81);
veragloria.cz;E-mail Pro (81);
timepartners.cz;E-mail Pro (81);
rybnik-ceskyles.cz;E-mail Pro (81);
skolavltavice.cz;E-mail Pro (81);
obec-rybnik.cz;E-mail Pro (81);
zsdlouhaves.cz;E-mail Pro (81);
apartmany-sumava.eu;E-mail Pro (81);
mammocentrum.eu;E-mail Pro (81);
foxklatovy.eu;E-mail Pro (81);
cachrov.info;E-mail Pro (81);
sumava.net;E-mail Pro (81);
kvilda.org;E-mail Pro (81);
sumavanet.com;ManagedHosting Windows (657);
klatovynet.cz;ManagedHosting Windows (657);
simacek-stavby.cz;ManagedHosting Windows (657);
dynaweb.cz;ManagedHosting Windows (657);
klatovyinfo.cz;ManagedHosting Windows (657);
zsnyrskokom.cz;ManagedHosting Windows (657);
voltori.cz;ManagedHosting Windows (657);
lic.cz;ManagedHosting Windows (657);
mraz.in;ManagedHosting Windows (657);
nyrsko.net;ManagedHosting Windows (657);
rada.susicenet.cz;ManagedHosting Windows NoMail (659);
nsn.nyrsko.net;ManagedHosting Windows NoMail (659);
fdh.sumavanet.cz;Alias (50);
apartmany-modrava.cz;Alias (50);
kskreal.cz;Alias (50);
klatovy.net;Alias (50);
musicpro.cz;ManagedHosting PHP (650);
chataterezka.cz;ManagedHosting PHP (650);
klatovy-net.cz;ManagedHosting PHP (650);
daniel-hladky.cz;ManagedHosting PHP (650);
lesnistavby.cz;ManagedHosting PHP (650);
ksk-real.cz;ManagedHosting PHP (650);
jsf-stavebni.cz;ManagedHosting PHP (650);
kssklatovy.cz;ManagedHosting PHP (650);
langmatz.cz;ManagedHosting PHP (650);
obechamry.cz;ManagedHosting PHP (650);
vstrejc.cz;ManagedHosting PHP (650);
lsstavby.cz;ManagedHosting PHP (650);yes
pohadkovakovarna.cz;ManagedHosting PHP (650);
klatovynet.eu;ManagedHosting PHP (650);
sumavanet.eu;ManagedHosting PHP (650);
zsplanicka.klatovynet.cz;ManagedHosting PHP NoMail (653);
muzeum.sumava.net;ManagedHosting PHP NoMail (653);
reg5.tjstartbela.cz;ManagedHosting PHP NoMail (653);
user.regiofoto.cz;ManagedHosting PHP NoMail (653);
data.nyrsko.net;ManagedHosting PHP NoMail (653);
fdh.klatovynet.cz;ManagedHosting PHP NoMail (653);
openkt.klatovynet.eu;ManagedHosting PHP NoMail (653);
rozvoz.danielhladky.cz;ManagedHosting PHP NoMail (653);
rodicovskeschuzky.zsklatovyplanicka.cz;ManagedHosting PHP NoMail (653);
new.ksk-real.cz;ManagedHosting PHP NoMail (653);
old.ksk-real.cz;ManagedHosting PHP NoMail (653);
povydri.cz;ManagedHosting PHP NoMail (653);
regiofoto.cz;ManagedHosting PHP NoMail (653);
apartmanymodrava.cz;ManagedHosting PHP NoMail (653);
monroecaffe.cz;ManagedHosting PHP NoMail (653);
tsklatovy.cz;ManagedHosting PHP NoMail (653);
mhladky.cz;ManagedHosting PHP NoMail (653);
zde.info;ManagedHosting PHP NoMail (653);
sumava.pro;ManagedHosting PHP NoMail (653);
